CLIENTNUM,Predicted_Spending
3781,3925.17
2922,4386.68
5070,4487.93
7246,4980.8
623,1535.84
3931,4989.49
4767,3927.59
7094,2075.26
3282,4099.5
3994,1956.06
315,1387.25
7741,2423.91
5676,4611.3
5137,2462.42
4333,3744.82
8668,5818.47
5935,4701.59
4768,3459.23
5974,3958.41
1084,3791.35
2707,3144.06
6939,4316.21
6946,4310.216666666666
8491,4289.14
5556,3829.67
107,1369.86
2777,1607.33
5785,4662.37
303,1517.9
6820,4970.64
9159,14117.69
4540,2149.08
10087,15078.39
1175,1506.65
5933,2668.18
2245,4314.33
33,1504.09
4852,4691.49
2769,2200.6
3353,4234.32
1155,1383.0525
3685,6776.85
4337,4338.98
311,1795.16
2995,3380.4
6933,4981.55
6958,4182.06
9165,12023.69
10045,14982.4
9320,15040.24
7111,1761.13
6050,4334.05
5873,4770.74
1692,1559.66
6307,4189.76
5550,4245.9
1768,2193.47
4415,4289.66
8005,4663.81
5106,4646.98
970,3572.87
9310,14870.38
1740,1416.65
3055,4065.1
5522,3798.18
7091,3589.47
5838,2321.0966666666664
6925,4602.77
4279,4104.35
8885,6166.74
624,1077.66
5727,2058.89
668,1604.96
1188,2657.02
3842,4249.84
9176,15712.65
2392,1613.23
5026,7508.43
4845,3361.69
9377,15016.26
4157,4353.23
7484,2372.79
7315,4297.56
3463,3630.49
8484,4462.62
1793,2440.21
5006,4546.33
3118,3756.87
7496,4172.52
1068,2031.93
96,1653.27
8799,4562.09
4373,4953.62
5396,4031.72
450,1331.78
6798,4363.95
8359,2328.1355555555556
510,1593.73
5790,4939.85
7269,4726.81
1121,1363.74
758,1562.6
6641,5967.46
8758,7436.94
3533,2055.98
483,1423.9
2407,3175.67
9032,5428.83
259,1506.14
7585,4450.51
31,1481.11
35,1856.24
1953,750.42
3949,5279.68
5680,4597.79
2592,4280.53
8009,4301.24
2519,3271.15
1254,4336.41
1208,3950.93
3780,5233.21
1683,1634.28
1981,2038.08
9986,13904.73
9797,5246.75
590,1829.18
9856,6377.42
1217,2167.35
8687,5600.7
6878,3767.46
673,1220.025
5279,4844.22
4003,2975.95
8566,2416.61
80,1854.0
8773,4293.57
5606,4585.52
4745,5073.09
9293,13965.82
500,1960.25
4484,4098.9
8233,9564.15
5471,4454.93
761,2975.84
5775,4226.56
2210,4551.69
794,4189.75
2288,2147.47
1923,1345.25
5786,12213.21
7278,4840.72
2470,3715.48
1111,2025.62
5050,4368.05
1670,1861.5
8243,5042.15
5361,4596.07
9628,4762.32
169,3061.08
8644,6415.36
532,1875.72
5559,2369.72
3448,3861.88
7935,3306.84
4053,4072.47
10071,6132.81
2360,3483.22
6858,4333.37
2425,5877.18
7701,6091.39
4867,5062.8
6483,4615.67
4792,4552.49
9437,14940.1
5561,6666.89
6920,3978.76
2165,1712.23
8388,4432.05
5321,1699.0
3064,1781.68
7582,4584.21
5577,4375.12
7923,4395.1
2748,1646.52
7305,4438.56
6914,2480.13
2423,4837.89
3445,4218.75
6030,4528.92
9291,13200.86
39,836.43
5464,4121.06
8940,4870.96
6087,3631.46
9116,9523.09
2609,1173.11
713,1809.28
8068,2884.43
304,1894.47
1056,2132.84
8542,4683.16
1626,5527.65
6125,2608.65
8839,7045.07
5739,5508.49
4317,4752.65
7488,4886.21
5718,5814.77
7200,4789.22
8391,4460.04
8836,7489.66
9280,5717.28
8102,4723.28
1575,2758.15
6630,6258.03
4720,3991.05
251,1992.3
295,1543.04
4436,4387.75
4907,7510.51
9995,5658.12
1277,3943.94
9661,4455.07
321,871.42
7884,4898.8
8426,4615.63
10014,14888.32
5706,5030.84
3315,1314.42
1458,2479.79
5446,3660.08
9511,15170.63
3383,4138.61
9872,5599.85
7665,4725.16
683,1651.84
8728,4793.65
8750,8122.97
9730,13324.56
8197,7604.19
5519,5028.066666666667
373,1725.45
6130,5068.49
2119,2161.73
10099,5001.67
5515,3975.6
3459,3932.2
7933,4782.15
3312,2903.16
1795,3958.76
119,1750.17
2275,1691.83
3309,4780.02
1886,1944.22
1022,2062.53
6263,4673.53
3080,4129.1
7403,4238.72
2487,3595.47
2802,4185.74
2483,4123.51
9669,4613.86
8014,4553.015976190476
8348,4503.56
8111,4167.29
2678,4618.38
1373,1666.21
9294,14820.81
2199,2115.66
8329,5411.17
3860,4895.28
4786,3858.47
5616,2224.17
9144,4860.25
8817,3642.42
8598,5514.69
3204,2236.49
8706,4186.41
106,1229.74
2018,2386.7
7103,5183.0
7854,5069.27
4049,3690.59
7623,4214.82
3047,3716.82
735,1220.1
518,1840.01
2150,1433.98
3723,4158.3
6452,4676.47
960,3511.53
1618,1695.09
3668,1632.95
5246,3668.91
2406,3707.62
4726,4151.23
4698,4218.56
1512,3901.59
4111,4048.0
765,2210.48
1446,1434.53
3566,4347.07
6661,4591.08
1737,1820.43
29,1923.2
4394,4039.15
5282,4037.31
346,2001.7
1658,1344.4
7893,1945.39
3412,4215.85
3813,2009.3566666666668
9085,4527.01
7251,4538.78
5928,4112.16
2614,2074.96
2908,4199.31
4228,2443.04
7652,2429.57
9236,14890.13
3133,3869.6
8318,5912.34
850,2421.4
8822,4714.12
7364,4348.97
6330,4184.36
4076,4607.45
9819,15749.86
3826,4404.03
5766,2276.78
8624,10145.51
4058,4689.12
2943,4793.59
8797,2212.44
655,4110.41
5456,4129.72
1617,3781.61
9649,15432.98
582,2538.24
9077,12660.5
10090,8032.2
8613,2336.82
8297,1891.45
4112,3990.99
7590,3813.0
5957,4510.92
6074,5209.66
8487,4677.25
3382,1595.57
8713,4481.21
5965,4048.45
9306,13273.63
1369,3012.57
293,1437.07
2907,2965.08
8021,4032.85
9393,10655.02
318,1352.16
10048,2971.17
9251,14884.31
6461,4149.363333333333
4607,3694.38
6921,4404.99
6613,4382.39
487,1772.38
795,2263.22
9876,15062.85
5868,4814.25
14,1639.68
3125,3819.64
3050,4091.3
4029,4533.4
9533,4191.72
8351,4161.61
3677,4681.13
3111,5724.91
7293,5570.32
4999,1725.63
5825,3783.43
8850,6239.49
1901,1841.06
5168,2246.69
9326,4450.49
8307,4544.44
9109,11353.1
9743,15384.02
2020,3041.3
9862,14086.53
2684,4321.82
5018,2959.68
9676,13532.06
8090,4338.97
92,1809.11
2254,1563.65
9619,6039.37
8788,2369.85
2348,1314.21
7150,2216.883333333333
733,1541.91
439,1659.59
5118,4639.34
3721,4699.01
1880,1823.64
7425,4640.25
2615,1798.54
7757,4808.3
5231,2232.01
7048,4425.52
3684,3752.54
1785,1786.47
9738,14705.4
7957,5537.93
3948,4067.98
8254,2950.56
5747,4551.1
4963,3685.87
8047,4567.61
9168,15553.89
3126,4338.63
1509,2458.86
3320,2799.35
6695,3990.77
8780,3485.34
5804,3820.78
1393,2416.78
8995,7681.16
3495,3760.93
1593,6750.4
6181,3654.47
388,1406.53
8165,8198.89
1891,1149.86
1076,2027.65
5898,2483.22
5595,6518.59
2545,1337.97
563,2199.17
7879,2531.67
1741,2347.82
2648,3268.3
88,1079.16
1310,2626.25
718,1967.15
2473,4102.12
2358,3314.1
6940,4540.38
3679,3198.59
1087,1482.03
5983,3621.63
568,832.93
6403,4051.85
5572,4509.26
8052,4742.62
1702,4812.51
9378,14912.06
3172,4116.69
9482,3921.9
2833,5275.34
9063,2324.3766666666666
5332,4388.56
8658,5269.06
1595,3064.41
2889,8318.64
7822,5418.66
1623,1921.59
1402,1712.54
8547,4415.95
4704,5030.9
8060,4922.42
416,1627.48
10116,14827.25
7817,3934.34
10085,14929.79
9145,14610.57
3989,5419.19
108,2347.85
1318,2497.44
5828,4181.76
6003,4409.22
7912,4359.73
2213,1764.47
1775,4261.1
2455,4540.35
8209,2313.01
1576,2100.51
2025,1442.29
8912,4966.58
3693,2139.31
3460,4948.56
9471,7303.24
1090,1463.69
2405,1365.38
5357,4629.05
2638,1633.79
399,1805.55
4844,1607.23
7606,2176.49
6173,4188.57
5171,4912.68
9822,4502.31
3378,3691.73
4564,5034.93
3473,3997.6
3646,4576.0
8900,4663.26
4685,4142.2
7787,4494.73
542,2099.43
576,1810.61
9558,5984.18
5340,4658.41
8257,4782.85
5763,1224.31
8350,1954.93
2453,4092.26
4568,4664.83
9262,15588.43
7007,4453.11
6393,4108.24
1963,2418.09
2069,2867.82
3265,5533.15
4868,4949.71
8367,4956.9
8537,5655.97
360,2055.406
1746,1931.5116666666665
3244,3629.49
1123,1709.73
101,1224.16
8875,4687.44
6476,1762.3466666666666
9186,12265.05
8304,4606.52
4098,1465.32
4180,4395.28
3617,2305.96
2870,1736.29
1496,1830.94
8631,7573.3
7316,5125.06
8842,5251.39
2835,3449.57
2484,2451.42
3319,4345.8
1825,3171.69
6407,4834.34
3592,4330.07
1516,1681.86
9786,14946.6
8810,14342.49
9663,14357.57
5114,4617.92
6275,3874.71
8936,2561.82
9835,12660.6
3739,2247.88
6947,5339.89
1470,1758.32
245,1874.78
7940,4442.53
2954,3584.66
1568,1727.64
1078,1734.65
9951,3934.18
7717,1861.68
333,1378.74
4889,2339.28
6410,4596.46
621,1573.95
263,2124.78
4241,3715.73
3942,4072.23
4442,4764.06
4463,4857.14
3027,3850.7
4903,4520.36
9325,13241.42
10067,4930.03
9891,15048.32
3281,2418.89
6126,4835.41
367,1604.27
7166,4680.36
2737,4109.26
5259,3863.81
9307,4409.07
9593,14571.88
8223,4862.87
4313,4342.13
9929,14986.57
7405,5229.91
3848,4263.58
8469,4390.33
3703,2891.77
6072,2963.77
3352,4192.84
3187,3438.4
76,1461.13
8778,6857.43
1864,1460.22
10034,3795.95
10050,6390.6
5641,1778.79
1732,1715.65
3529,3960.52
7920,4734.02
1684,3226.24
6728,4526.64
7654,4184.06
3,1487.87
8649,4302.27
5501,4178.38
290,1378.47
704,3082.26
8109,2306.59
2542,3748.44
9343,13684.21
1107,1676.13
4706,4727.41
7613,2417.445
9635,14805.42
1347,2661.54
135,1360.12
9432,4557.91
5356,4377.94
8241,3521.41
4184,1322.7
6347,2301.35
9266,4713.19
9457,3910.07
1199,3694.6
6557,4076.54
3635,3468.1
8281,2842.2
647,2175.47
2840,4041.04
6429,4692.35
2375,2555.64
8583,5019.91
932,2000.0485714285712
330,785.71
6972,3042.7
3078,2747.9
3837,2271.8
8207,4384.64
5798,4655.19
7349,4436.99
6123,5320.76
8462,4631.94
9210,14977.88
4248,3960.88
7407,3847.64
5296,3594.35
7958,3201.96
7497,2419.55
4625,3270.69
3100,3840.85
2273,1654.79
9386,15093.93
9161,14641.21
8460,4455.84
8950,7394.47
4087,2123.3
2067,1629.52
9685,14240.22
9999,10672.64
1330,1509.08
4301,4109.62
6569,1506.61
8951,5486.93
3032,3289.93
1523,3315.24
4129,4826.45
7074,2176.78
7716,1756.42
7249,4828.98
8432,5106.5
2039,1466.58
1026,2988.49
2625,3310.21
8337,1967.3
1156,1547.48
6098,5396.44
2886,4268.55
6311,1791.16
3903,3377.7
4189,2134.56
2732,1983.87
144,807.06
1145,2213.01
10091,14962.9
2286,3227.46
1147,2102.28
4522,4734.2
1803,2839.77
7584,4308.59
4791,3737.71
3077,1992.14
3053,4328.63
8639,7697.55
3410,4650.43
10035,15681.42
7897,2104.05
7157,4294.6
8170,4576.38
8853,6380.51
6753,3712.26
9232,2935.56
5082,3153.48
5665,4940.52
5700,4291.38
3519,5691.12
9531,14297.82
8216,4851.09
6734,5777.77
2818,3602.92
7644,5007.5
7765,4379.97
7784,4803.85
5270,4129.53
0,2397.4
3071,2605.49
7670,1513.73
543,2666.22
1339,2817.71
349,1721.69
9556,15124.44
2692,4519.561
6821,4774.92
5820,4663.486666666667
457,1444.33
9149,1812.99
2927,4068.38
9689,15083.43
8176,4542.17
5503,1505.96
5414,4950.16
131,1272.69
2045,1976.71
6153,2845.415
8401,4633.07
2884,5700.35
2531,1443.88
6143,2269.53
7983,3835.16
2894,3342.04
1224,2828.7
5909,4447.78
8587,4790.55
9173,15162.28
9815,12816.13
8897,8404.82
592,1842.89
6502,1982.45
1780,2514.38
9771,14520.63
5289,5208.09
8610,6150.06
5064,2306.52
2724,6396.19
6384,2349.146666666667
6051,3916.52
3497,1467.07
6524,2198.38
6258,4460.55
1805,1964.33
2191,2024.78
5129,3785.75
8688,4857.42
6350,4354.25
9084,13756.52
1190,3692.5
9254,12103.86
265,1217.98
6916,4195.47
4336,4699.7
9357,13847.05
856,1444.32
2859,5241.4
3429,2948.68
4762,2061.02
4657,4042.98
7803,1770.82
4534,4255.16
316,1243.41
6714,4900.1
2301,2180.19
6079,4122.5
3542,3681.25
6071,4393.3
9089,9922.05
2055,1780.08
6686,4009.59
2709,1317.33
958,1752.07
9131,8010.36
9110,8730.57
6110,4209.76
103,988.29
8845,4521.12
3698,4468.5
8386,4453.69
5197,4554.72
1835,1811.36
4147,2440.8
9281,4612.24
6654,4363.81
7258,4366.98
7737,2279.18
7852,4511.19
8675,4330.91
4250,4449.14
7707,4474.13
6394,4776.83
2588,3864.84
7864,2424.03
9567,4590.88
4902,4599.11
286,1068.46
3297,2659.87
8732,4405.47
1597,3305.91
9612,3668.83
1180,1439.11
7568,4673.388333333333
6296,4073.34
8,1378.14
6138,5155.48
1253,3092.62
8274,4112.49
9698,6225.5
3649,3768.95
567,1574.16
2753,1530.26
8953,8751.38
8611,12235.05
1730,3535.09
6587,4544.7888095238095
6755,4638.86
7748,2176.15
6324,4124.68
782,2050.71
8480,4305.48
4379,3286.37
4035,3993.32
2167,3248.56
952,1911.94
6711,4579.26
3184,2980.96
9234,10006.19
2316,2728.04
7495,5585.91
8630,4732.99
9907,4539.35
6902,4852.59
5753,1996.8046666666667
2319,4992.9
1413,2520.58
8812,5450.43
764,1006.05
3602,4365.66
7438,4363.66
9039,14799.77
3316,4592.22
36,1692.87
4387,1760.71
5831,5671.66
4528,4409.09
8893,4556.28
7036,4544.7888095238095
6596,4862.96
2698,2060.32
5566,2131.01
8131,3481.7
5395,4621.18
577,3909.11
9328,13698.85
7986,4543.67
4089,4329.19
2310,1865.7
2291,1662.93
9806,13978.45
6740,4529.1
4684,3884.91
5250,4161.88
8372,3015.26
210,1492.28
3370,2203.61
2412,2255.39
2114,1899.75
2012,3073.63
3817,1921.98
5156,4527.82
9942,5333.97
8196,3711.35
637,2056.86
47,1513.38
2751,3615.2
6387,4963.84
9733,10541.08
9701,14103.0
3885,1749.53
9449,13271.7
5325,4804.43
8582,5281.78
149,1915.18
5349,5312.2
9923,13122.09
5967,4906.02
3608,3687.74
6127,4630.236
1071,1505.49
6775,4685.28
8719,8957.4
2030,2453.23
9953,14745.65
4119,6722.63
2447,2505.13
5035,3507.48
5023,4463.29
533,2487.6
4127,6612.79
6170,4153.46
1432,1830.89
742,2762.96
1360,3133.67
4919,4998.28
5426,5047.82
3601,1510.3
9172,2318.31
6120,4242.96
4123,5338.32
8911,2302.82
2075,1809.49
1616,1983.14
3458,1840.44
1954,3051.32
5364,3872.12
799,2069.41
3039,5824.87
5210,14591.55
9411,15557.43
4722,3924.33
6837,4687.87
6715,1901.78
4725,4607.75
7744,4611.93
9564,5160.02
1957,1540.31
4681,2959.32
9080,5241.12
7207,1389.31
3467,4272.07
7347,4352.11
7846,1617.12
7529,2435.58
4609,5261.53
3574,3298.77
4539,4858.48
5918,4147.01
8264,4977.06
586,1452.18
496,1310.75
6749,4098.97
4822,4826.06
1747,4569.21
335,1450.78
1160,2157.22
3355,4039.17
5963,2044.67
1355,2405.19
3827,3863.38
8248,2703.42
9520,14774.55
2227,5205.6
4816,5788.56
2554,752.97
8568,2606.58
23,1347.77
3037,4767.12
1862,2195.99
291,1568.35
8383,4330.27
4245,5307.57
9896,13115.3
381,1621.27
6340,2069.2
7944,3969.74
2848,1784.16
4667,4679.95
789,1685.27
3007,4213.08
7919,4690.39
6808,4443.762
3017,5894.2
2903,4587.71
7738,1821.06
1149,1830.72
7360,4171.16
4137,4067.66
9752,4835.47
10120,14906.07
3149,3920.5
8371,4382.55
6176,2023.89
1418,4362.05
10025,14392.38
9657,12647.03
1530,3844.36
605,3206.95
7075,4461.91
7937,6301.84
1112,2596.31
6618,4397.73
993,1104.43
9952,14494.73
1558,2008.42
7174,4367.49
8848,6272.31
3455,2681.65
1660,2517.72
6560,4587.71
7063,1611.02
5135,1654.29
8999,1946.65
7924,4511.3133333333335
8596,4968.83
4630,3871.52
7962,2497.64
9454,13238.14
5899,4253.56
5826,4683.065
3620,1527.31
7818,3471.82
4359,3842.77
5885,1662.53
4480,4949.88
5012,2778.13
2377,2085.66
9808,2692.815
8931,6180.58
267,1801.08
4770,2506.02
7605,2223.41
4826,4284.82
6599,4549.4
9369,4064.65
965,1589.7
252,1376.88
6497,4284.85
3128,4900.36
50,1400.97
7456,4710.94
872,1342.28
1501,1843.03
7810,2153.31
6234,2215.889333333333
3785,3919.58
9537,4566.05
1783,1739.79
6994,4712.31
248,1291.64
6909,4563.04
8934,9812.95
8270,6107.94
4165,5120.15
971,2070.77
2036,2710.59
3334,2795.44
1941,2945.76
2157,3991.93
2956,2622.04
9729,12935.37
4601,4421.82
9932,15420.67
447,1468.66
3094,1506.88
5138,1998.8
9286,15095.29
2485,1587.38
3883,4272.72
3139,3611.41
8180,4514.73
461,1323.78
6380,1735.37
9075,10662.62
2564,2036.67
6194,3729.63
376,1413.99
410,1614.14
1833,1935.58
3879,2601.43
2152,3664.59
3859,1950.43
6827,6680.23
3263,4506.37
7811,2451.76
8575,4295.73
274,1263.99
3686,4802.4525
7566,4718.58
9651,12414.97
2926,3970.25
7032,6276.87
6983,4156.89
2673,3753.97
6094,4181.02
3728,4842.6
3235,4090.91
5030,3954.43
6081,3151.47
9240,2007.16
8122,2409.17
9571,14628.31
9812,9367.25
1578,4793.59
513,1408.32
9632,4880.84
9849,8901.03
8025,4106.44
921,790.13
8590,7755.31
8522,4671.34
1183,6061.5
7203,2087.61
474,3024.06
4474,1554.25
10018,5148.61
5120,4294.44
8673,4197.64
7070,2095.44
2619,1952.56
5652,2106.42
480,3997.23
4712,4104.68
6226,4324.92
9282,12047.42
3131,4313.77
4174,4433.4
6259,4501.33
7621,4283.09
1488,4380.15
5507,2074.01
3021,2258.15
6879,5001.25
7664,1840.67
5866,4475.88
8545,2102.37
2957,4638.79
9759,2884.04
8101,5265.28
4819,4253.33
1508,2319.01
8342,1992.94
1897,1947.05
5365,4312.08
7286,4204.87
1794,1288.47
1020,1652.86
705,1766.5
2249,4079.89
5736,4765.33
1669,3996.37
8726,7622.17
908,1969.08
4215,5147.93
4562,2331.64
4787,4416.01
2110,1380.3
8896,7111.02
594,783.73
4064,1861.09
440,2163.57
7252,4263.95
4689,4190.54
1408,1495.0
10,1886.88
8035,4528.92
1247,1709.96
7926,4620.78
8926,8210.43
93,1492.01
8450,1861.07
10070,14690.64
4486,1928.4
6577,2258.13
4938,3746.65
3625,4633.44
292,1634.71
8103,4899.12
7834,2982.71
6876,4687.31
5756,4273.27
6385,3848.25
4961,4743.79
9323,14515.15
8729,4849.31
7136,4265.69
7593,3365.45
2098,914.36
9506,15044.88
7769,5296.71
9121,4700.48
7020,2297.86
8463,6209.31
6308,4294.14
3710,2320.88
8094,4084.12
2697,2175.39
4230,7649.79
8215,4305.89
3481,3568.23
3886,4324.59
4238,4458.72
9521,14983.45
9398,10811.1
1453,1991.97
7037,2203.21
837,1963.04
5802,8358.43
3651,2037.5825
3026,2335.64
6637,6619.71
8374,4749.98
3284,2352.22
7213,4595.47
2664,3157.19
7703,5157.17
4047,6252.11
6811,4176.55
3934,3441.97
9486,15147.56
1543,1404.7
9157,4288.19
7726,4490.92
4252,5162.26
6797,4496.54
4140,3456.01
700,2865.34
9526,4630.04
7021,1645.28
7910,4273.12
4304,3076.76
5273,4486.12
9462,11344.4
10061,15633.97
6177,4970.52
4541,2661.63
9713,12778.36
3616,3463.66
5457,3996.77
6022,4286.1
8709,7427.03
1883,1744.53
7963,4383.76
9261,14798.16
8253,4690.704166666666
6847,3513.75
3387,3515.28
7220,4678.11
2970,3260.12
2127,3992.91
3393,3899.04
2145,1577.71
9510,15053.75
603,1702.45
1599,4716.39
6756,3791.4
393,1504.02
3933,3897.7
1662,2195.28
3160,4082.45
9081,13074.55
95,1561.62
4850,1664.99
5151,3373.84
3597,2303.16
2882,1571.23
3777,3911.57
8424,4833.22
9694,4630.59
2963,4886.79
3909,2311.695
6685,4578.75
4921,2044.79
1606,2093.06
8563,4236.57
3660,2250.95
5707,4101.95
5281,7545.15
5461,5554.51
2088,1848.45
3441,2141.44
6424,4094.59
4071,4155.15
1964,2994.99
8417,4511.453333333334
2982,3226.84
4216,4275.89
9957,15353.18
3105,4218.89
3208,3546.8
4649,1441.1
19,1161.71
9860,3735.75
3059,3800.75
5564,4972.02
2855,3983.58
1441,3514.1
5076,3797.84
1261,1388.04
7894,2416.3
809,1437.46
5140,5026.3
9052,13430.56
6086,3590.56
6611,4192.04
7506,4441.168333333334
8664,2690.51
7615,4671.6
3541,4753.64
1142,2110.49
5956,4260.44
2328,1289.51
2984,6026.63
7113,2316.19
8364,4875.11
2996,1531.67
2340,2224.48
1807,4253.66
8423,4290.8
8764,4208.35
9132,7725.15
9336,11590.14
620,1676.67
5537,2305.99
8161,2593.09
3011,1596.2
5382,2904.0
7366,4308.89
1046,896.16
4759,4207.96
3487,5550.71
2124,3951.37
9938,12054.3
743,1560.77
222,1392.3
7753,4585.032666666667
625,4039.22
5221,3933.17
6883,4626.73
6442,4932.68
9478,12385.81
3526,4878.35
7794,4685.42
4115,4088.49
1315,2793.91
8693,7044.09
8214,5585.25
8689,6453.03
353,2334.17
8829,4756.42
456,1793.54
5072,2517.29
5032,2735.33
239,1626.73
5277,1776.27
5309,4971.23
4908,4061.41
3392,2988.72
10052,5409.1
2574,4788.34
7785,5240.54
6062,1681.1
1569,2736.99
1018,1664.02
9892,14951.62
6365,2220.73
1691,3129.1
8602,4683.45
1103,1688.14
3919,4280.27
9008,4788.1
5653,4531.666666666667
3524,4760.25
5991,4635.19
2029,1769.65
5767,4406.25
2750,4185.02
2122,2232.16
9767,5133.5
3063,3945.01
4428,4121.85
5403,2604.45
9466,12312.78
1383,2480.57
9688,3985.55
1718,3821.77
217,1514.54
9982,14026.28
9332,7006.84
10051,4531.45
1034,1943.62
7965,5019.25
7695,3825.86
7244,2232.55
3338,4449.49
3424,2443.59
906,2682.73
9051,8151.37
6418,2316.75
5840,5145.26
5882,2411.072
6117,5122.91
4721,3225.65
3522,2545.67
3317,3552.38
5257,4880.25
1760,1791.19
5436,6057.0
3381,2967.39
8315,1976.23
852,1906.42
4934,5976.65
1921,2944.21
7774,1693.44
8637,7358.93
3274,5160.52
9638,12422.98
5308,4751.45
2534,1631.69
5033,3680.64
4265,4144.65
3130,3016.89
747,1424.05
1851,3090.53
347,1493.82
5916,4280.98
3070,5371.72
2287,4125.11
7152,4508.68
2107,1553.74
4246,2335.49
2935,3996.03
3543,9381.31
1472,3960.3
8830,7890.82
3209,3224.33
5865,5020.85
6289,3779.23
3034,1367.58
7217,4856.79
5239,1854.74
763,1524.24
6032,2360.23
6671,1726.88
8964,12482.07
2183,5878.74
1222,2790.06
1650,2699.3
8870,6144.43
4065,3359.15
5781,2081.04
9594,14870.97
6537,3737.73
8365,4182.35
9915,14730.19
708,1383.13
509,1078.79
6995,1885.85
7746,4726.13
6523,4447.61
7896,5793.72
7369,4641.190476190476
2362,5079.35
9458,4253.23
7023,4495.02
3833,4376.31
8973,7378.58
4092,4604.52
4597,6434.91
711,2047.4
9985,4100.67
9249,9293.32
6507,4411.59
6536,5045.72
1372,2880.14
7880,4254.62
712,1866.09
4303,4664.95
1245,1753.7
6515,1734.91
2391,4354.7
8280,5355.74
715,3734.44
1631,1730.17
9647,15121.98
1482,2278.06
2770,4095.17
5990,4709.82
7104,6166.75
8919,4513.25
3570,4721.11
3405,1753.95
7821,5287.58
212,2018.84
4549,4188.89
4645,4572.21
1010,1381.46
323,1416.64
3508,3791.15
5969,4507.08
4942,4189.41
334,1797.06
8250,5109.35
2760,4185.59
3257,4073.02
4918,2395.38
4899,4642.31
233,2712.15
9013,5629.51
3043,3496.07
6292,2223.01
2474,1509.5
9788,4300.15
3399,4178.86
4438,2330.11
2189,5839.71
7612,7348.81
1608,1949.64
3470,4506.18
3704,3388.68
2932,6074.63
774,1779.35
1494,2183.05
5228,6657.0
871,1655.35
9476,14525.21
1263,3957.77
8943,13596.5
4110,5102.01
3082,2599.01
7500,4560.46
2072,1242.73
1220,2167.94
5391,2093.94
1562,3314.71
408,1359.77
7250,4400.81
3615,3912.72
1513,1808.78
6848,2353.96
5654,4745.62
4284,3389.76
4864,5746.3
4513,2358.97
6832,4363.47
7153,3960.83
3853,4049.68
3060,3915.25
2138,2369.57
2680,2228.44
3145,4047.01
7139,11383.21
2689,3164.46
6707,5950.08
3146,4399.85
5768,4349.65
2335,4658.5
4077,4960.33
7282,4793.49
2168,1666.27
8648,4611.29
8064,4480.37
2221,947.79
9724,6386.14
1498,1576.34
1479,3060.39
8638,11662.14
5100,4638.7
8293,6195.59
7313,3757.39
3154,2973.8
4185,1954.61
6512,4013.78
6336,4118.52
9845,14099.97
9475,6405.06
3880,4179.79
6505,5826.76
745,5319.42
6334,1829.38
710,1411.43
379,1290.08
7300,2205.32
6765,5503.44
8975,8587.91
7355,4558.68
4341,2299.64
10088,12487.55
8260,4965.68
8470,2719.63
9889,3714.71
9015,4513.37
6861,3367.81
8626,8153.64
6159,2293.35
1313,2544.05
4671,4734.77
8188,4360.04
7107,3957.48
7391,2371.76
2109,1591.49
1285,2375.96
4505,1753.6
3973,4697.17
1349,2607.61
2458,4324.22
4354,3627.9
4368,1744.33
5942,4240.48
427,1269.67
653,803.48
9829,13745.22
4738,3837.05
7948,2041.77
3469,3731.66
9824,14241.06
7609,4778.48
6206,3570.59
4602,5211.16
3025,1859.7579999999998
6931,2260.48
611,2540.24
2344,1654.42
7558,4044.54
7442,2496.07
6474,4563.23
7204,4733.08
1765,4904.45
9735,15568.17
554,1712.84
5764,4098.26
511,1590.11
3433,2546.26
4870,4728.85
967,3481.65
6221,4276.58
4783,4014.18
6968,2203.48
7161,4866.76
4075,3479.05
2611,4081.92
5681,2045.95
4038,3914.56
8511,4306.97
4046,7650.95
6386,4096.43
6021,2299.81
3884,4375.59
4755,4727.97
1109,1739.88
10029,14884.08
5206,4164.41
1038,1702.22
1194,4277.39
9364,14977.0
6455,5395.89
2239,4551.34
8018,2957.52
9092,10663.92
6706,4268.09
934,2069.88
9611,10136.37
7162,3907.0
394,2876.19
8063,2553.35
6850,4711.83
9285,3570.87
3857,4445.94
10068,12886.91
6314,4473.433333333333
1297,3492.24
9702,14904.95
1162,1377.8
4375,2095.99
1671,2019.73
3647,3495.37
1527,1533.97
4466,4123.13
9709,14227.2
3245,3525.68
3006,4514.87
58,1337.26
5193,4905.54
4606,2216.18
4598,4104.78
8385,4381.39
4403,3795.3
7412,2049.43
6846,3575.13
1965,3282.73
5603,4327.82
2128,4584.7
7955,2361.65
2457,3917.81
5924,4781.92
676,1399.59
9857,12022.72
3928,5865.79
8305,4466.33
1877,3075.87
9621,15043.89
4687,4490.783333333333
7435,4440.08
6205,4628.0
2620,2609.27
3784,3151.8
6568,4265.44
8485,4992.38
5400,4355.31
866,1725.97
5339,4600.95
5173,4922.61
4696,2083.22
8908,7394.01
9129,3600.48
1758,3983.2
2826,1731.19
4267,2014.76
2589,1399.31
7320,4738.83
7049,6222.57
9823,5140.13
6651,4749.95
7775,3181.59
4635,4466.95
1210,1383.05
2823,4664.78
7889,4823.14
1726,2872.47
2304,3773.86
3870,5014.11
3438,1445.82
8139,4630.96
10016,4631.5
8727,4969.09
5994,4784.94
3400,2130.31
617,2884.5
9353,11597.85
5379,4660.65
4896,3878.59
5993,2657.41
766,1570.96
7823,6347.3
9908,14932.8
7322,4516.486666666667
9459,11846.21
1144,1582.94
5267,2809.07
5839,4502.1
462,2037.38
5202,3886.89
7828,5125.42
8683,4697.62
7118,2064.0
4352,4008.97
8972,7109.34
3550,4447.62
3482,4584.03
4877,4506.9
7092,4261.72
7288,4421.18
828,4417.26
7210,4628.04
4149,4118.59
1672,3938.3
5487,3197.55
1688,2953.08
2685,2311.15
5910,4466.8
5639,4770.6
4772,2648.43
2742,2828.04
8178,3907.23
7646,2521.64
1713,1351.33
20,1466.76
4881,4865.06
5872,4290.25
3325,3526.42
4794,5390.94
8636,5520.47
7432,5035.97
7272,9020.64
1295,1172.56
6498,4567.0
591,1487.27
1406,1850.27
221,1215.84
5617,1856.64
5780,4527.43
6432,4403.82
8743,4569.67
858,3612.67
10101,8508.18
5125,4041.13
6817,6416.25
841,1513.75
1731,1628.59
5601,4856.04
7589,5173.09
6037,4210.41
7477,4454.49
1655,905.14
994,1450.34
8336,4473.8
730,2524.11
1554,1779.68
4708,5103.62
5333,5091.01
2252,1451.46
6559,2376.84
7310,3671.09
8229,4921.25
1766,1338.68
4575,4414.56
7262,2461.09
2108,1524.37
6489,4709.85
465,1677.8
8762,7250.86
6952,2801.0
8828,7538.03
9047,4925.06
4672,4790.58
157,1263.6
7334,3394.11
2417,3825.34
9338,14509.0
185,1309.4608333333335
1002,1444.22
4091,5592.13
3079,4211.43
400,962.71
2820,4598.45
4771,4457.28
8145,4909.51
2930,2054.89
9158,4864.35
8023,4762.89
5290,4524.37
4641,5444.59
8843,5047.77
4518,3950.44
2184,2727.48
1250,1045.59
7988,4157.49
8289,6183.15
59,1575.75
5663,5340.56
1113,1398.81
9988,4121.53
9352,15094.88
6649,4123.18
1328,1225.19
9215,12585.04
10064,4867.04
2676,4150.96
3272,2043.94
5649,4634.23
3776,1731.8
5629,4028.21
9058,11511.01
5369,4527.24
1550,1184.55
1009,3400.68
4519,5292.01
4404,3723.9
8169,4985.24
1612,1369.65
3898,3718.21
7808,4564.44
7359,4886.55
7597,4310.55
7039,1496.88
648,2016.89
1195,2007.27
9169,13040.61
879,1738.86
5244,4244.43
8500,4525.86
3869,3720.14
6449,3778.81
4453,4209.43
3107,2570.6
550,1772.48
2627,1540.96
3065,3999.41
883,3043.92
3485,3860.71
6582,2415.39
4376,4757.64
211,1274.5
7883,5971.63
8310,4991.83
3110,3835.68
3123,2223.45
3333,1777.53
9959,4564.5
9042,13001.61
1438,3665.79
467,1637.5
5623,4984.6866666666665
1915,1418.6
3540,3196.77
6349,4262.6
8721,9660.38
696,2100.62
6653,4272.73
3520,1430.14
4808,4138.27
9264,14685.6
9832,15331.77
7692,4473.77
1314,1881.31
4288,3894.36
3238,4577.78
8095,3897.25
3887,3375.31
7625,4461.48
914,2022.82
12,1275.57
2233,4461.07
9768,5804.99
1536,4159.42
736,1465.34
3689,3822.73
9127,7769.11
453,1719.79
4469,4155.79
927,1468.95
8695,3919.21
7417,4711.74
8712,5474.01
6663,2581.68
37,1173.24
5323,869.04
5696,4525.07
7841,3682.98
10125,4667.95
4622,4668.22
940,1797.15
4665,4292.94
7799,4078.05
9263,12319.2
7662,2302.0
8544,3748.13
4321,4065.18
6223,4767.500666666667
738,1970.51
538,1734.02
3527,1935.7
2991,3859.42
1400,2232.89
4187,4524.8
5284,4208.22
9766,14710.35
8269,4545.43
6690,4752.06
5698,4547.756666666667
2465,3085.28
5496,4616.43
2771,4048.37
4393,2108.02
8062,3796.88
2586,1876.38
6713,4023.7
3023,1598.69
4156,6115.62
6073,4689.1
3891,2434.1
6842,4797.68
5960,4557.05
6428,5265.35
6691,5094.34
4170,3596.53
2960,1574.47
9375,2459.7
7951,4124.92
9138,7054.24
4824,2535.02
1739,1198.75
4023,5079.85
9205,13933.24
3314,3747.5
6492,2522.89
4830,2068.71
7557,2171.11
4929,3757.54
5117,2153.51
6248,5194.87
2232,1624.86
1563,1949.06
6814,4683.365
8777,2525.09
6572,5373.45
6478,2189.27
8087,4440.01
8325,3939.46
3045,3269.91
2388,2272.66
7881,4566.09
10049,15215.12
9394,13731.57
4275,7893.43
6836,4912.96
6964,4506.79
9868,5625.77
1937,4266.86
4705,2064.51
8548,4315.33
1346,1833.81
8802,4702.5
9066,13574.42
5814,1708.66
792,1692.43
1791,2886.49
5011,3875.11
2260,1563.72
8794,4649.19
4292,3267.43
1817,2996.08
6025,2213.3
9334,3754.01
6942,2827.57
9838,14900.17
833,1516.36
6688,4596.28
3773,4209.1
10039,15180.45
2270,3850.36
63,1236.74
5614,2355.88
5875,5031.32
9119,5269.56
6204,2548.02
10026,14583.6
4467,2248.47
7256,4474.26
9616,15418.01
9162,12859.53
3194,3067.16
7388,4822.3
2492,4300.52
1197,1610.85
5945,4782.75
8872,6480.0
7562,3672.7
1429,1802.86
6277,4502.126666666667
7930,4749.93
1153,3027.37
6973,1345.53
4707,3715.27
2846,1626.59
3578,3398.53
964,1723.81
4782,2245.76
7859,4226.39
9296,14833.97
2758,3502.61
1483,2104.3
2303,2606.42
3057,2492.24
5226,4357.34
1426,1500.0
3555,1223.1
7219,3798.85
5740,5266.93
1057,1769.66
8261,4890.72
8700,2501.37
7051,1933.9466666666665
9927,14768.64
10123,4331.13
3834,10732.15
1544,2148.95
5090,4454.0
6533,4124.92
4978,4222.39
724,1987.59
9359,15506.41
5650,2215.1946666666668
1127,3316.41
3941,4622.32
5304,4083.41
4952,1876.14
6400,4007.9
4429,3067.49
7699,2139.63
5428,4942.01
1561,1750.77
3544,1547.29
8104,4261.096333333333
5651,4205.49
8718,4015.68
5638,3774.7
3992,3721.27
8823,5688.53
2133,1579.6
8273,4389.12
6383,4237.68
2955,1611.16
10024,2689.79
3287,3556.92
7743,3827.02
1392,1506.31
9309,14737.16
8398,1827.32
9538,14007.35
3952,1307.74
7485,4630.42
17,1323.56
1770,3780.89
1888,3849.61
1642,1682.13
132,1407.11
5003,4217.09
7234,4554.12
8067,1815.77
1095,1324.61
4838,2465.66
4052,3964.93
527,1464.84
4220,3669.07
2002,4135.58
3720,4434.47
168,1013.58
6076,4575.8
1919,2054.19
6500,3535.2
4682,4115.06
2178,1687.91
2807,4653.46
2513,1658.09
5130,4697.93
8048,4592.54
1298,2557.94
2478,3930.55
1352,1394.07
3518,4482.46
7600,4499.96
1287,2696.06
2215,3817.5
6562,4576.13
3014,1674.22
4169,5897.28
2013,2392.46
5081,3320.62
9017,2056.77
5351,4683.13
6669,5887.39
3012,3063.66
2147,3170.5
3790,4582.31
6890,4006.38
3936,2031.44
449,1354.65
7607,5507.21
7850,4641.8
810,1567.84
2794,5828.33
6680,4821.61
9753,10164.04
4418,2845.43
10022,4896.77
6061,4545.57
6556,5147.07
6759,4585.28
1477,2374.07
1790,2664.18
2008,3910.18
682,1523.98
7709,4562.58
9399,11859.4
6838,4001.88
57,1453.8
8786,5629.57
6857,4609.75
2337,1766.66
8126,4562.46
46,1422.57
30,1340.24
3905,1702.59
5570,4031.69
1468,4010.81
1665,952.08
1416,1603.85
2507,2235.96
6773,3920.11
8621,7689.87
8291,4224.02
2874,4857.98
429,2379.47
5398,1975.89
2236,2730.02
385,1514.72
1945,3792.04
4344,1758.49
473,699.63
10098,4740.35
5863,3316.82
6746,7506.75
9150,15024.31
1055,1668.81
9843,12799.27
2919,4158.27
3767,4701.53
6843,4190.52
811,1419.09
4702,4610.38
7645,3900.64
2516,4099.47
4623,5878.61
6409,4259.85
111,1369.83
9027,5209.24
1745,3864.81
6733,6086.6
1452,1731.81
2149,1672.58
319,1576.26
3755,3647.95
7710,4271.42
1922,2037.5825
9033,5914.7
7752,4454.09
3889,2313.44
9695,5322.83
5360,4969.68
2129,1423.67
6438,4703.93
4233,2767.55
7680,5609.82
6795,5806.43
1052,1344.85
4273,1706.62
7033,3957.7
99,845.78
8402,4949.57
1456,1478.99
7899,5072.02
812,1334.42
1092,1072.07
2602,5013.14
3501,1716.94
8097,4788.7
6454,3044.71
6348,4547.56
6650,2065.85
8479,4687.210476190477
1414,1753.97
540,1780.29
9221,4832.67
4100,4728.41
3902,6270.98
5170,5031.94
754,2151.69
4201,4644.7
6306,5540.58
8396,3727.34
9641,3830.93
3307,5210.14
7396,4617.74
6105,4707.76
9312,15399.74
9749,14503.2
4162,3886.78
8902,8142.86
8312,3965.84
6189,4336.1
4521,1561.17
7708,3983.97
601,2412.33
2522,3408.01
9037,15210.16
3873,3790.9
3288,4258.61
4773,2176.46
3991,4875.27
1044,866.17
7540,5212.173333333334
1557,1559.48
3964,4264.13
4202,2569.15
180,978.97
2115,3694.29
1699,2261.73
1379,1680.48
2515,2459.29
7433,4521.2
6216,4454.071666666667
618,1978.17
4450,4527.24
9976,14425.97
1600,2832.34
8985,7958.21
1615,1866.57
6481,4624.71
438,1691.42
5186,3151.02
2083,6616.76
3210,3997.42
4084,4043.86
5268,2302.19
4718,2002.7
7553,4736.74
8251,4763.94
2389,2316.66
5143,4764.02
8441,4170.94
1918,1431.59
8437,3829.64
7760,4733.64
6473,4167.65
3742,3998.5
6520,3538.37
2054,2698.67
5521,4451.01
9329,13835.66
2225,2336.03
9705,13187.28
1126,1949.44
4439,4316.46
7581,3942.91
3946,5264.22
2517,1669.35
1322,1464.89
1603,2488.32
5674,4937.23
7633,4521.43
5422,4532.62
5214,6523.83
7172,2414.05
6829,3900.56
7571,5306.45
9463,12694.58
2523,1651.08
6161,4693.29
1559,2560.3
5545,4123.44
7766,2624.63
3999,4417.22
2691,3538.37
3666,4481.32
8490,4538.78
1354,3741.41
45,1260.7
6367,2269.23
748,1330.47
6785,2086.21
6045,4319.63
5646,2887.71
4789,5452.8
5009,2623.52
5697,3664.92
5326,4276.68
5709,4313.57
2251,6169.47
8015,3619.53
8239,4407.59
3706,1673.28
3328,1482.21
5406,4700.79
2650,1657.01
2498,2896.53
8146,2122.95
4080,3848.54
9761,11709.81
5359,2322.86
664,1901.41
5731,2321.3493333333336
5344,3272.43
9124,4828.29
9722,14314.28
4509,4337.42
675,1733.31
8863,3681.08
7927,4620.86
7089,4139.11
1962,1763.47
1840,2749.49
4339,2092.53
3305,4320.05
7222,4604.355
5799,4685.4
6871,2557.33
3207,3655.62
6475,4598.19
6065,2229.57
6395,7310.14
4901,3374.71
411,1911.48
613,2052.55
3918,4488.38
5362,4309.81
1430,1637.97
5229,4585.06
9388,3304.62
5014,4142.18
2464,1587.02
4001,4458.45
1417,4074.93
4253,8469.49
604,749.77
1272,1649.84
5278,1990.76
6554,4830.07
6751,4510.03
4843,4263.0
247,838.65
5266,3030.32
1982,1701.82
5527,2774.79
5830,4369.06
199,1142.45
485,1662.87
6261,4511.62
3538,2867.86
455,935.01
9922,5454.85
8955,7656.49
6705,2790.27
1721,1396.28
5303,4417.98
8237,5313.83
8285,4417.42
5931,2556.85
8008,2123.953333333333
9886,13734.97
862,2138.14
2094,4824.29
947,2246.11
3000,1946.26
1444,2054.69
1280,1609.93
3299,4900.57
5478,1567.46
8534,5256.45
2701,3981.35
3960,6431.74
2302,3937.61
2004,2148.57
3844,4033.16
8818,8008.67
1005,1349.81
6255,4345.64
3852,4378.38
9630,13107.22
2540,1993.84
2132,2102.81
4386,3933.78
2057,2037.585
3015,3525.06
229,1064.98
3058,4441.95
3132,3707.65
7608,4055.35
3350,4311.93
3997,3904.62
8488,5249.2
209,2254.13
6095,4192.52
7780,4501.81
3127,4566.97
7319,4500.84
9104,6409.97
1728,2012.7
4294,3947.57
337,1382.8
5627,4552.23
9012,5118.19
7452,4476.58
7950,4812.54
1226,1245.04
4345,4322.9
4977,4578.98
3753,3552.19
8887,5780.97
4291,3687.63
2111,4489.58
9740,4200.2
4454,3624.92
6001,4043.97
1017,1898.53
3955,2243.59
9758,4330.97
5157,6206.13
1928,1693.62
350,1793.42
2201,2111.54
8771,3977.76
1934,2601.44
9984,3896.39
4960,4648.93
8468,4389.51
564,812.18
1582,1312.82
3772,2066.1816666666664
2175,2075.11
8031,2404.71
6580,2493.65
2228,1496.0
1115,2169.83
2754,2408.56
2973,5018.84
8179,5245.22
8831,4709.27
7684,4121.7
821,1400.19
3061,1621.31
2272,4453.12
5705,4823.746666666666
81,1297.88
1323,2106.36
4161,3953.39
1614,3747.32
831,1862.95
4104,4171.28
7525,4489.36
2420,2219.21
8149,2304.5
9278,12552.53
9175,11554.82
1649,838.36
4196,2431.48
6790,2023.75
8346,4230.93
4031,2405.08
6913,2313.6
7346,3449.72
7086,4657.45
6539,4097.01
3945,6387.63
4392,4505.3
749,1590.9
5425,4848.28
2373,4389.65
8147,4520.2
4825,5354.41
2766,4792.07
5381,2554.48
3375,5346.76
9683,3905.76
4639,4453.91
6769,4598.78
3656,4879.98
5452,5260.11
9447,13613.5
4269,4759.3
4582,3832.07
1139,2960.04
7840,4705.62
2231,2059.0
2164,2690.02
7658,4373.6
6589,4660.96
5980,3696.1
7017,5476.43
1570,1674.03
172,959.36
7367,5036.8
2087,3079.47
3002,2481.97
4694,4397.26
7289,4160.52
6521,2687.71
5065,4345.39
3621,3563.72
1832,4100.5
8166,3843.75
7682,4670.62
9250,6223.99
8531,4581.81
4537,2277.4
3794,3106.98
7997,2204.72
834,1524.73
2486,3680.0
7016,5053.34
5594,4444.59
8267,2223.26
5950,4551.56
5580,5462.2
4613,4862.7
5666,3638.01
65,1499.53
3143,2542.74
3894,4519.48
4448,4664.78
354,2182.01
4132,4319.41
7427,4488.79
4817,4168.11
3872,4399.03
6932,4476.406666666667
6363,3987.06
9887,14197.7
8784,3612.41
9739,5121.28
7439,4629.55
472,1583.49
4900,2497.57
6119,3858.91
2986,2409.652
4028,5167.91
868,1435.81
4002,3946.11
7493,2008.47
1506,2763.09
6567,5069.12
3443,4386.47
6180,4298.79
3708,3211.8
9450,3636.02
5803,4184.53
5402,4618.81
7468,5037.16
1075,2384.39
7422,4480.67
6945,1675.89
5816,4878.76
3912,5233.2
4894,3717.11
5459,4254.12
7223,2240.52
9513,4716.56
7365,4655.89
73,1487.37
8694,11000.52
8651,7298.86
8597,5106.2
6889,4008.83
4514,4064.49
1101,5792.0
3181,6261.2
9659,3445.94
7865,3717.45
2885,2930.47
7530,4451.4
118,1265.99
2022,1928.09
10011,14455.58
7067,3825.2
2034,3156.1
8069,3211.26
8779,5951.66
6712,4737.8
1219,1853.75
6501,2774.94
4281,4416.36
4801,3723.46
3016,1757.45
2510,1276.67
5218,4642.8
3404,2295.93
4617,3490.95
2913,3789.05
2862,1477.58
177,1658.34
1643,4707.13
9412,15214.53
7292,4493.51
8369,5162.36
1374,3425.82
1720,4662.86
4329,4945.16
3910,4778.6
2264,1750.94
87,1893.11
7474,4635.65
8986,6605.08
403,2335.89
5407,4518.97
7947,4266.293333333333
7030,4594.466666666666
6727,3407.39
2456,1917.75
7389,4979.21
2214,1386.39
1027,1785.92
9826,14549.23
1421,3579.86
2436,1294.28
8744,6406.01
5710,4327.59
9206,13610.01
1278,1262.7045
8040,4648.62
9598,13549.58
7384,1601.35
6918,4800.85
1978,5688.87
1061,2457.88
1425,2808.83
7696,4519.02
7191,3493.29
4710,2258.96
1502,1540.87
8681,4967.89
2876,3977.17
6405,1871.47
3661,4627.99
5058,5078.22
678,992.87
9645,15177.51
7068,4599.32
6057,4640.85
9936,3759.89
102,1823.82
957,1745.01
7109,5056.86
4012,4678.0
7616,4525.08
7377,2390.37
5022,4754.27
2688,4247.4
5576,3860.76
6175,5386.72
6058,4648.2
5589,4671.44
4716,3799.71
418,1464.54
4974,4608.23
4254,3406.85
8909,10723.42
1947,4919.27
6672,4409.64
2299,2923.3
7317,2511.45
5662,1730.16
8998,4780.27
3101,2627.11
5419,4524.87
4412,5352.97
528,2105.84
1233,4168.23
779,2513.1
722,1805.8
2816,5514.08
3151,4103.23
1860,2468.47
8546,4499.661666666667
7611,4144.73
2968,3802.91
5749,4049.88
1992,2843.38
4923,4015.91
7443,3985.1
5458,1769.01
7148,5548.61
2948,3784.29
2471,1497.86
5180,3531.72
6961,4419.008666666667
9016,4945.1
1396,3038.58
1489,2235.69
9003,13047.03
3434,4158.98
1042,2587.34
3771,2853.36
7012,4604.89
7711,1810.69
257,1889.56
7492,4562.32
8730,13870.19
8030,4553.32
5128,5434.83
2089,4158.96
7913,4308.72
503,1561.49
9112,5692.77
8930,4706.73
1345,2430.76
5794,4614.67
5190,2283.66
2248,2363.56
5123,4198.72
372,1549.88
8562,6096.16
8412,5086.95
2006,1556.83
7188,4603.02
3937,4747.34
4574,3895.92
10019,15227.19
5964,4431.427575757575
6250,4448.69
2102,1773.84
997,1422.07
8292,4898.11
6607,4744.16
1176,3217.5
551,1464.83
744,3147.94
5729,4814.07
6112,1813.73
3024,4623.71
9744,13982.39
7603,6641.46
3396,3667.66
7042,4684.963333333334
7824,4463.48
7756,4372.87
4447,2385.43
5554,4668.58
7428,4769.83
5610,4297.85
9346,6278.92
3148,2603.2726666666667
693,4191.67
2533,4092.96
7508,4196.91
982,1756.16
9118,14138.42
79,1576.35
4191,4727.64
3428,2785.516666666667
8358,4885.57
5937,4429.11
3295,4543.37
4949,2079.56
5098,4441.95
261,1027.02
2142,2968.23
8001,5010.835
2268,3084.04
445,2023.55
5316,4548.78
5412,4782.99
5689,4544.68
9231,5080.76
3351,4264.96
1701,1782.33
2526,4866.34
8086,4631.04
68,1380.01
1168,970.21
48,1341.65
1053,1415.12
84,1310.31
880,1059.34
2651,3768.43
5262,4375.562
2439,1818.58
3680,4401.14
4842,4752.0
1467,2023.27
6719,2766.92
4553,4327.19
2441,2032.76
9438,15671.91
230,753.15
1320,2021.43
41,1317.62
777,1977.82
9069,9130.5
6646,4346.5
1729,2074.45
3095,2621.23
579,1719.14
6179,3040.06
6008,1491.68
6792,4570.89
3231,4349.76
2867,4227.0
1491,2842.36
7786,2372.82
7275,5103.05
61,858.18
4525,2003.95
4860,3894.98
8252,3831.53
402,1693.63
332,2279.61
2084,1852.2060000000001
7028,2013.47
164,1497.6
4374,5529.24
2715,1894.59
9041,11600.58
5338,4263.21
2755,2823.37
5609,4021.47
9455,13799.19
1334,2069.04
9481,15382.76
2864,3041.77
1659,2188.84
4067,5139.55
753,2250.43
6774,4446.39
7195,5783.95
706,1512.95
4692,4220.0
8671,4655.52
10001,5893.6
9704,8750.21
3688,1466.98
9678,12140.49
9102,5340.13
1834,1921.23
5216,1500.68
5583,4336.54
4102,3790.86
4626,4406.416666666667
5227,2064.33
8878,4094.41
7448,4566.36
4906,3850.97
5551,3584.45
3963,2250.11
2246,4153.16
835,2179.5
8864,2540.77
5492,3620.76
432,1759.01
3582,5036.65
9297,14870.22
4972,4176.9
8349,4556.43
8422,4151.82
1193,4292.42
7131,4649.55
2906,3002.87
5648,2126.55
5438,5126.06
9909,14759.73
5358,5424.39
3290,3554.5
4502,5522.39
2729,3781.67
9592,14060.4
433,1725.55
4148,4369.46
7199,3223.39
9212,2208.45
104,2048.42
9299,3570.31
1656,2948.63
1533,2600.15
4812,2769.56
1332,3471.41
5386,4555.37
7655,4544.25
1443,1616.66
214,1224.03
7871,5270.66
7116,4677.49
2910,3739.2
7934,3639.16
3984,7004.88
1419,2974.72
3251,4247.57
8585,5532.1
181,1263.62
4122,4034.57
8814,2332.93
2446,1401.43
8704,4200.57
5467,3593.55
5848,4363.8
3745,3241.86
8167,2934.49
8193,3944.64
3921,4402.67
70,1615.31
544,1413.93
1204,1506.29
3457,1848.02
6975,5353.64
9226,4661.54
3595,2290.46
9803,14818.35
9038,7458.77
8857,3909.43
9098,12925.75
7420,4191.0
8827,6197.08
877,1870.17
8236,2053.34
196,1292.23
9869,5359.96
7025,4571.85
6463,4122.84
2997,7693.35
2571,4310.39
3979,4363.54
7444,2222.24
8742,7235.22
9488,14472.64
6341,3469.15
6366,4134.93
5493,4344.1
3206,1634.05
2868,6228.48
2718,3716.75
8769,4356.65
10076,12541.29
7413,2122.93
3038,3993.38
3717,3210.82
4074,2019.51
2682,3399.62
9726,14740.72
4747,2332.91
3329,5012.74
4048,6588.75
218,1519.59
6043,5154.13
3914,4939.13
4587,6670.04
2543,1503.22
7132,4492.245500000001
1244,2593.42
420,942.39
7108,4708.84
8471,3529.23
2058,1567.43
8603,5172.11
6621,4131.97
9535,12285.37
4638,4850.73
1166,1793.29
254,799.82
